{"cameraMode":{"drawMode":0,"name":"Shaded","section":"Shading Mode"},"sceneLighting":false,"audioPlay":false,"sceneViewState":{"showFog":true,"showMaterialUpdate":false,"showSkybox":false,"showFlares":true,"showImageEffects":true,"showParticleSystems":true},"in2DMode":false,"pivot":{"x":211.32049560546876,"y":246.09649658203126,"z":0.0},"rotation":{"x":-0.3433907628059387,"y":-0.06165146827697754,"z":0.022581186145544053,"w":-0.9369075894355774},"size":70.7106704711914,"orthographic":false}