{"cameraMode":{"drawMode":0,"name":"Shaded","section":"Shading Mode"},"sceneLighting":false,"audioPlay":false,"sceneViewState":{"showFog":true,"showMaterialUpdate":false,"showSkybox":false,"showFlares":true,"showImageEffects":true,"showParticleSystems":true},"in2DMode":false,"pivot":{"x":-0.07267630100250244,"y":0.038871318101882938,"z":-0.20200198888778687},"rotation":{"x":0.3580608665943146,"y":-0.32926735281944277,"z":0.13661906123161317,"w":0.8629747033119202},"size":0.902996301651001,"orthographic":false}